{
    "Qstar2000_W400_UL17-and-XYY_X3000_Y80_UL17": {
        "Qstar2000_W400_UL17": 0.71683,
        "Wp3000_B400_UL17": 0.9227509700000001,
        "XYY_X3000_Y80_UL17": 0.9615559600000001
    },
    "XYY_X3000_Y80_UL17": {
        "Qstar2000_W400_UL17": 0.6521268299999999,
        "Wp3000_B400_UL17": 0.93009291,
        "XYY_X3000_Y80_UL17": 0.9754113099999998
    },
    "Qstar2000_W400_UL17-and-Wp3000_B400_UL17-and-XYY_X3000_Y80_UL17": {
        "Qstar2000_W400_UL17": 0.68903518,
        "Wp3000_B400_UL17": 0.9524883399999999,
        "XYY_X3000_Y80_UL17": 0.95680372
    },
    "Wp3000_B400_UL17": {
        "Qstar2000_W400_UL17": 0.65231856,
        "Wp3000_B400_UL17": 0.97436499,
        "XYY_X3000_Y80_UL17": 0.89776081
    },
    "Qstar2000_W400_UL17-and-Wp3000_B400_UL17": {
        "Qstar2000_W400_UL17": 0.6813886100000001,
        "Wp3000_B400_UL17": 0.95108436,
        "XYY_X3000_Y80_UL17": 0.86639621
    },
    "Wp3000_B400_UL17-and-XYY_X3000_Y80_UL17": {
        "Qstar2000_W400_UL17": 0.64103891,
        "Wp3000_B400_UL17": 0.9701501899999999,
        "XYY_X3000_Y80_UL17": 0.9728042399999999
    },
    "Qstar2000_W400_UL17": {
        "Qstar2000_W400_UL17": 0.69144887,
        "Wp3000_B400_UL17": 0.92386371,
        "XYY_X3000_Y80_UL17": 0.8332644300000001
    }
}