{
    "Qstar2000_W400_UL17": 0.7483051863336564,
    "Wp3000_B400_UL17": 0.8818818052059356,
    "XYY_X3000_Y80_UL17": 0.9764746727466583,
    "n_bkg_tot": 3836364
}