{
    "Qstar2000_W400_UL17-and-XYY_X3000_Y80_UL17": {
        "Qstar2000_W400_UL17": 0.7824761600000001,
        "Wp3000_B400_UL17": 0.93058777,
        "XYY_X3000_Y80_UL17": 0.9331221
    },
    "XYY_X3000_Y80_UL17": {
        "Qstar2000_W400_UL17": 0.7460982199999999,
        "Wp3000_B400_UL17": 0.9320785800000001,
        "XYY_X3000_Y80_UL17": 0.96599178
    },
    "Qstar2000_W400_UL17-and-Wp3000_B400_UL17-and-XYY_X3000_Y80_UL17": {
        "Qstar2000_W400_UL17": 0.7553903000000001,
        "Wp3000_B400_UL17": 0.94805955,
        "XYY_X3000_Y80_UL17": 0.9288124799999999
    },
    "Wp3000_B400_UL17": {
        "Qstar2000_W400_UL17": 0.7517633399999999,
        "Wp3000_B400_UL17": 0.97758611,
        "XYY_X3000_Y80_UL17": 0.91095987
    },
    "Qstar2000_W400_UL17-and-Wp3000_B400_UL17": {
        "Qstar2000_W400_UL17": 0.82690562,
        "Wp3000_B400_UL17": 0.9628170100000001,
        "XYY_X3000_Y80_UL17": 0.89817855
    },
    "Wp3000_B400_UL17-and-XYY_X3000_Y80_UL17": {
        "Qstar2000_W400_UL17": 0.74262973,
        "Wp3000_B400_UL17": 0.9653428500000001,
        "XYY_X3000_Y80_UL17": 0.96104746
    },
    "Qstar2000_W400_UL17": {
        "Qstar2000_W400_UL17": 0.78925735,
        "Wp3000_B400_UL17": 0.9298992100000001,
        "XYY_X3000_Y80_UL17": 0.842743
    }
}